#CODE;ENGLISH;FRENCH;GERMAN;;SPANISH;;;;;;;;;x
d_pentarchy;Pentarchy;;;;;;;;;;;;;x
d_pentarchy_adj;Pentarchal;;;;;;;;;;;;;x
e_africa;Africa;;;;;;;;;;;;;x
e_africa_adj;African;;;;;;;;;;;;;x
e_byzantium;Eastern Roman Empire;;;;;;;;;;;;;x
e_byzantium_adj;Eastern Roman;;;;;;;;;;;;;x
e_wre;Western Roman Empire;;;;;;;;;;;;;x
e_wre_adj;Western Roman;;;;;;;;;;;;;x
e_britannia;Britannia;;;;;;;;;;;;;x
e_britannia_adj;Britannia;;;;;;;;;;;;;x
e_caucasia;Caucasia;;;;;;;;;;;;;x
e_caucasia_adj;Caucasian;;;;;;;;;;;;;x
e_ethiopia;Æthiopia;;;;;;;;;;;;;x
e_ethiopia_adj;Æthiopian;;;;;;;;;;;;;x
e_gallic_empire;Gallic Empire;;;;;;;;;;;;;x
e_gallic_empire_adj;Gallic;;;;;;;;;;;;;x
e_germania;Germania;;;;;;;;;;;;;x
e_germania;Germanian;;;;;;;;;;;;;x
e_hephthalite;Hephthalite Empire;;;;;;;;;;;;;x
e_hephthalite_adj;Hephthalite;;;;;;;;;;;;;x
e_hispania;Hispania;;;;;;;;;;;;;x
e_hispania_adj;Hispanian;;;;;;;;;;;;;x
e_hunnic_empire;Hunnic Empire;;;;;;;;;;;;;x
e_hunnic_empire_adj;Hunnic;;;;;;;;;;;;;x
e_illyricum;Illyricum;;;;;;;;;;;;;x
e_illyricum_adj;Illyrian;;;;;;;;;;;;;x
e_oriens;Oriens;;;;;;;;;;;;;x
e_oriens_adj;Oriental;;;;;;;;;;;;;x
e_pannonia;Pannonia;;;;;;;;;;;;;x
e_pannonia_adj;Pannonian;;;;;;;;;;;;;x
e_rouran;Rouran Khaganate;;;;;;;;;;;;;x
e_rouran_adj;Rouran;;;;;;;;;;;;;x
e_scythia;Scythia;;;;;;;;;;;;;x
e_scythia_adj;Scythian;;;;;;;;;;;;;x
k_africa;Africa;;;;;;;;;;;;;x
k_africa_adj;African;;;;;;;;;;;;;x
k_albion;Albion;;;;;;;;;;;;;x
k_albion_adj;Albanian;;;;;;;;;;;;;x
k_alemannia;Alemannia;;;;;;;;;;;;;x
k_alemannia_adj;Alemmanic;;;;;;;;;;;;;x
k_aquitania;Aquitania;;;;;;;;;;;;;x
k_aquitania_adj;Aquitanian;;;;;;;;;;;;;x
k_arelate;Arelate;;;;;;;;;;;;;x
k_arelate_adj;Arelatan;;;;;;;;;;;;;x
k_armorica;Armorica;;;;;;;;;;;;;x
k_armorica_adj;Armorican;;;;;;;;;;;;;x
k_asia;Asia;;;;;;;;;;;;;x
k_asia_adj;Asian;;;;;;;;;;;;;x
k_assyria;Assyria;;;;;;;;;;;;;x
k_assyria_adj;Assyrian;;;;;;;;;;;;;x
k_austrasia;Austrasia;;;;;;;;;;;;;x
k_austrasia_adj;Austrasian;;;;;;;;;;;;;x
k_baetica;Baetica;;;;;;;;;;;;;x
k_baetica_adj;Baetican;;;;;;;;;;;;;x
k_baiuvaria;Baiuvaria;;;;;;;;;;;;;x
k_baiuvaria_adj;Bariuvaria;;;;;;;;;;;;;x
k_cambria;Cambria;;;;;;;;;;;;;x
k_cambria_adj;Cambrian;;;;;;;;;;;;;x
k_carantania;Carantania;;;;;;;;;;;;;x
k_carantania_adj;Carantanian;;;;;;;;;;;;;x
k_cumbria;Cumbria;;;;;;;;;;;;;x
k_cumbria_adj;Cumbrian;;;;;;;;;;;;;x
k_dacia;Dacia;;;;;;;;;;;;;x
k_dacia_adj;Dacian;;;;;;;;;;;;;x
k_ethiopia;Æthiopia;;;;;;;;;;;;;x
k_ethiopia_adj;Æthiopian;;;;;;;;;;;;;x
k_gallaecia;Gallaecia;;;;;;;;;;;;;x
k_gallaecia_adj;Gallaecian;;;;;;;;;;;;;x
k_gallia;Gallia;;;;;;;;;;;;;x
k_gallia_adj;Gallic;;;;;;;;;;;;;x
k_gepidia;Gepidia;;;;;;;;;;;;;x
k_gepidia_adj;Gepidian;;;;;;;;;;;;;x
k_hibernia;Hibernia;;;;;;;;;x
k_hibernia_adj;Hibernian;;;;;;;;;x
k_himyar;Himyar;;;;;;;;;;;;;x
k_himyar_adj;Himyarite;;;;;;;;;;;;;x
k_hispania;Hispania;;;;;;;;;;;;;x
k_hispania_adj;Hispanian;;;;;;;;;;;;;x
k_hyperborea;Hyperborea;;;;;;;;;;;;;x
k_hyperborea_adj;Hyperborean;;;;;;;;;;;;;x
k_illyria;Illyria;;;;;;;;;;;;;x
k_illyria_adj;Illyrian;;;;;;;;;;;;;x
k_kalinga;Kalinga;;;;;;;;;;;;;x
k_kalinga_adj;Kalinga;;;;;;;;;;;;;x
k_loegria;Loegria;;;;;;;;;;;;;x
k_loegria_adj;Loegrian;;;;;;;;;;;;;x
k_lusitania;Lusitania;;;;;;;;;;;;;x
k_lusitania_adj;Lusitanian;;;;;;;;;;;;;x
k_macedonia;Macedonia;;;;;;;;;;;;;x
k_macedonia_adj;Macedonian;;;;;;;;;;;;;x
k_maraha;Maraha;;;;;;;;;;;;;x
k_maraha_adj;Moravian;;;;;;;;;;;;;x
k_mesopotamia;Mesopotamia;;;;;;;;;;;;;x
k_mesopotamia_adj;Mesopotamian;;;;;;;;;;;;;x
k_palestina;Palestina;;;;;;;;;;;;;x
k_palestina_adj;Palestinian;;;;;;;;;;;;;x
k_pannonia;Pannonia;;;;;;;;;;;;;x
k_pannonia_adj;Pannonian;;;;;;;;;;;;;x
k_pontus;Pontus;;;;;;;;;;;;;x
k_pontus_adj;Pontic;;;;;;;;;;;;;x
k_rugiland;Rugiland;;;;;;;;;;;;;x
k_rugiland_adj;Rugilander;;;;;;;;;;;;;x
k_sarmatia;Sarmatia;;;;;;;;;;;;;x
k_sarmatia_adj;Sarmatian;;;;;;;;;;;;;x
k_saxonia;Saxonia;;;;;;;;;;;;;x
k_saxonia_adj;Saxonian;;;;;;;;;;;;;x
k_thracia;Thracia;;;;;;;;;;;;;x
k_thracia_adj;Thracian;;;;;;;;;;;;;x
k_thuringia;Thuringia;;;;;;;;;;;;;x
k_thuringia_adj;Thuringian;;;;;;;;;;;;;x
k_vandalia;Vandalia;;;;;;;;;;;;;x
k_vandalia_adj;Vandalic;;;;;;;;;;;;;x
k_venedia;Venedia;;;;;;;;;;;;;x
k_venedia_adj;Venedian;;;;;;;;;;;;;x
k_visigothia;Visigothia;;;;;;;;;;;;;x
k_visigothia_adj;Visigothic;;;;;;;;;;;;;x
d_acatziri;Acatziri;;;;;;;;;;;;;x
d_acatziri;Acatziri;;;;;;;;;;;;;x
d_adiabene;Adiabene;;;;;;;;;;;;;x
d_adiabene_adj;Adiabene;;;;;;;;;;;;;x
d_aemilia;Aemilia;;;;;;;;;;;;;x
d_aemilia_adj;Aemilian;;;;;;;;;;;;;x
d_albania;Albania;;;;;;;;;;;;;x
d_albania_adj;Albanian;;;;;;;;;;;;;x
d_altava;Altava;;;;;;;;;;;;;x
d_altava_adj;Altavan;;;;;;;;;;;;;x
d_andegavia;Andegavia;;;;;;;;;;;;;x
d_andegavia_adj;Andegavian;;;;;;;;;;;;;x
d_anglia;Anglia;;;;;;;;;;;;;x
d_anglia_adj;Anglian;;;;;;;;;;;;;x
d_angrivaria;Angrivaria;;;;;;;;;;;;;x
d_angrivaria_adj;Angrivarian;;;;;;;;;;;;;x
d_antes;Antes;;;;;;;;;;;;;x
d_antes_adj;Antean;;;;;;;;;;;;;x
d_apulensis;Apulensis;;;;;;;;;;;;;x
d_apulensis_adj;Apulensian;;;;;;;;;;;;;x
d_aquitania;Aquitania;;;;;;;;;;;;;x
d_aquitania_adj;Aquitanian;;;;;;;;;;;;;x
d_arabia;Arabia;;;;;;;;;;;;;x
d_arabia_adj;Arabian;;;;;;;;;;;;;x
d_arcadia;Arcadia;;;;;;;;;;;;;x
d_arcadia_adj;Arcadian;;;;;;;;;;;;;x
d_argentoratensis;Argentoratensis;;;;;;;;;;;;;x
d_argentoratensis_adj;Argentoratean;;;;;;;;;;;;;x
d_armorica;Armorica;;;;;;;;;;;;;x
d_armorica_adj;Armorican;;;;;;;;;;;;;x
d_arragonia;Arragonia;;;;;;;;;;;;;x
d_arragonia_adj;Arragonian;;;;;;;;;;;;;x
d_arvernia;Arvernia;;;;;;;;;;;;;x
d_arvernia_adj;Arvernian;;;;;;;;;;;;;x
d_asia;Asia;;;;;;;;;;;;;x
d_asia_adj;Asian;;;;;;;;;;;;;x
d_asoristan;Asoristan;;;;;;;;;;;;;x
d_asoristan_adj;Asoristani;;;;;;;;;;;;;x
d_assyria;Assyria;;;;;;;;;;;;;x
d_assyria_adj;Assyrian;;;;;;;;;;;;;x
d_asturica;Asturica;;;;;;;;;;;;;x
d_asturica_adj;Asturican;;;;;;;;;;;;;x
d_atrebatia;Atrebatia;;;;;;;;;;;;;x
d_atrebatia_adj;Atrebatian;;;;;;;;;;;;;x
d_atropatene;Atropatene;;;;;;;;;;;;;x
d_atropatene_adj;Atropatene;;;;;;;;;;;;;x
d_augustamnica;Augustamnica;;;;;;;;;;;;;x
d_augustamnica_adj;Augustamnican;;;;;;;;;;;;;x
d_aurasium;Aurasium;;;;;;;;;;;;;x
d_aurasium_adj;Aurasian;;;;;;;;;;;;;x
d_aurelianum;Aurelianum;;;;;;;;;;;;;x
d_aurelianum_adj;Aurelianan;;;;;;;;;;;;;x
d_bajovaria;Bajovaria;;;;;;;;;;;;;x
d_bajovaria_adj;Bajovarian;;;;;;;;;;;;;x
d_ballearica;Ballearica;;;;;;;;;;;;;x
d_ballearica_adj;Ballearican;;;;;;;;;;;;;x
d_barcinonensis;Barcinonensis;;;;;;;;;;;;;x
d_barcinonensis_adj;Barcinonensian;;;;;;;;;;;;;x
d_belgica;Belgica;;;;;;;;;;;;;x
d_belgica_adj;Belgican;;;;;;;;;;;;;x
d_bernicia;Bernicia;;;;;;;;;;;;;x
d_bernicia_adj;Bernician;;;;;;;;;;;;;x
d_bithynia;Bithynia;;;;;;;;;;;;;x
d_bithynia_adj;Bithynian;;;;;;;;;;;;;x
d_bituricensis;Bituricensis;;;;;;;;;;;;;x
d_bituricensis_adj;Bituricensian;;;;;;;;;;;;;x
d_boiohaemum;Boiohaemum;;;;;;;;;;;;;x
d_boiohaemum_adj;Boiohaemian;;;;;;;;;;;;;x
d_bosporus;Bosporus;;;;;;;;;;;;;x
d_bosporus_adj;Bosporan;;;;;;;;;;;;;x
d_bracarensis;Bracarensis;;;;;;;;;;;;;x
d_bracarensis_adj;Barcarensian;;;;;;;;;;;;;x
d_bruttium;Bruttium;;;;;;;;;;;;;
d_bruttium_adj;Bruttian;;;;;;;;;;;;;
d_byzacena;Byzacena;;;;;;;;;;;;;x
d_byzacena_adj;Byzacenan;;;;;;;;;;;;;x
d_caesaraugustanus;Caesaraugustanus;;;;;;;;;;;;;x
d_caesaraugustanus_adj;Caesaraugustanic;;;;;;;;;;;;;x
d_caesarea;Caesarea;;;;;;;;;;;;;x
d_caesarea_adj;Caesarean;;;;;;;;;;;;;x
d_cantabria;Cantabria;;;;;;;;;;;;;x
d_cantabria_adj;Cantabrian;;;;;;;;;;;;;x
d_cantia;Cantia;;;;;;;;;;;;;x
d_cantia_adj;Cantian;;;;;;;;;;;;;x
d_cappadocia;Cappadocia;;;;;;;;;;;;;x
d_cappadocia_adj;Cappadocian;;;;;;;;;;;;;x
d_carantania;Carantania;;;;;;;;;;;;;x
d_carantania_adj;Carantanian;;;;;;;;;;;;;x
d_carpathia;Carpathia;;;;;;;;;;;;;x
d_carpathia_adj;Carpathian;;;;;;;;;;;;;x
d_carpetania;Carpetania;;;;;;;;;;;;;x
d_carpetania_adj;Carpetanian;;;;;;;;;;;;;x
d_carthaginensis;Carthaginensis;;;;;;;;;;;;;x
d_carthaginensis_adj;Carthaginensian;;;;;;;;;;;;;x
d_catuvellaunia;Catuvellaunia;;;;;;;;;;;;;x
d_catuvellaunia_adj;Catuvellaunian;;;;;;;;;;;;;x
d_celtiberia;Celtiberia;;;;;;;;;;;;;x
d_celtiberia_adj;Celtiberian;;;;;;;;;;;;;x
d_characene;Characene;;;;;;;;;;;;;x
d_characene_adj;Characene;;;;;;;;;;;;;x
d_chatti;Chatti;;;;;;;;;;;;;x
d_chatti_adj;Chatti;;;;;;;;;;;;;x
d_chude;Chude;;;;;;;;;;;;;x
d_chude_adj;Chudian;;;;;;;;;;;;;x
d_cibyraeotarum;Cibyraeotarum;;;;;;;;;;;;;x
d_cibyraeotarum_adj;Cibyraeotaran;;;;;;;;;;;;;x
d_cilicia;Cilicia;;;;;;;;;;;;;x
d_cilicia_adj;Cilician;;;;;;;;;;;;;x
d_cimmeria;Cimmeria;;;;;;;;;;;;;x
d_cimmeria_adj;Cimmerian;;;;;;;;;;;;;x
d_cordubensis;Cordubensis;;;;;;;;;;;;;x
d_cordubensis_adj;Cordubensian;;;;;;;;;;;;;x
d_corduene;Corduene;;;;;;;;;;;;;x
d_corduene_adj;Carducihian;;;;;;;;;;;;;x
d_coritania;Coritania;;;;;;;;;;;;;x
d_coritania_adj;Coritanian;;;;;;;;;;;;;x
d_cornovia;Cornovia;;;;;;;;;;;;;x
d_cornovia_adj;Cornovian;;;;;;;;;;;;;x
d_damnonia;Damnonia;;;;;;;;;;;;;x
d_damnonia_adj;Damnonian;;;;;;;;;;;;;x
d_dania;Dania;;;;;;;;;;;;;x
d_dania_adj;Danish;;;;;;;;;;;;;x
d_darae;Darae;;;;;;;;;;;;;x
d_darae_adj;Darae;;;;;;;;;;;;;x
d_dardania;Dardania;;;;;;;;;;;;;x
d_dardania_adj;Dardanian;;;;;;;;;;;;;x
d_demetia;Demetia;;;;;;;;;;;;;x
d_demetia_adj;Demetian;;;;;;;;;;;;;x
d_divio;Divio;;;;;;;;;;;;;x
d_divio_adj;Divian;;;;;;;;;;;;;x
d_domavia;Domavia;;;;;;;;;;;;;x
d_domavia_adj;Domavian;;;;;;;;;;;;;x
d_dumnonia;Dumnonia;;;;;;;;;;;;;x
d_dumnonia_adj;Dumnonian;;;;;;;;;;;;;x
d_dulebia;Dulebia;;;;;;;;;;;;;x
d_dulebia_adj;Dulebian;;;;;;;;;;;;;x
d_eboracum;Eboracum;;;;;;;;;;;;;x
d_eboracum_adj;Eboracan;;;;;;;;;;;;;x
d_emeritanus;Emeritanus;;;;;;;;;;;;;x
d_emeritanus_adj;Emeritanic;;;;;;;;;;;;;x
d_epirus;Epirus;;;;;;;;;;;;;x
d_epirus_adj;Epirote;;;;;;;;;;;;;x
d_euphratensis;Euphratensis;;;;;;;;;;;;;x
d_euphratensis_adj;Euphratensian;;;;;;;;;;;;;x
d_europa;Europa;;;;;;;;;;;;;x
d_europa_adj;European;;;;;;;;;;;;;x
d_foederati;Foederati;;;;;;;;;;;;;x
d_foederati_adj;Federate;;;;;;;;;;;;;x
d_frisia;Frisia;;;;;;;;;;;;;x
d_frisia_adj;Frisian;;;;;;;;;;;;;x
d_gaditanus;Gaditanus;;;;;;;;;;;;;x
d_gaditanus_adj;Gaditanan;;;;;;;;;;;;;x
d_gaetulia;Gaetulia;;;;;;;;;;;;;x
d_gaetulia_adj;Gaetulian;;;;;;;;;;;;;x
d_galatia;Galatia;;;;;;;;;;;;;x
d_galatia_adj;Galatian;;;;;;;;;;;;;x
d_galindia;Galindia;;;;;;;;;;;;;x
d_galindia_adj;Galindian;;;;;;;;;;;;;x
d_gallaecia;Gallaecia;;;;;;;;;;;;;x
d_gallaecia_adj;Gallaecian;;;;;;;;;;;;;x
d_gallovidia;Gallovidia;;;;;;;;;;;;;x
d_gallovidia_adj;Gallovidian;;;;;;;;;;;;;x
d_garamaea;Garamaea;;;;;;;;;;;;;x
d_garamaea_adj;Garamaean;;;;;;;;;;;;;x
d_gelonus;Gelonus;;;;;;;;;;;;;x
d_gelonus_adj;Gelonian;;;;;;;;;;;;;x
d_glevensis;Glevensis;;;;;;;;;;;;;x
d_glevensis_adj;Glevensian;;;;;;;;;;;;;x
d_gotaland;Gothia;;;;;;;;;;;;;x
d_gotaland_adj;Gothic;;;;;;;;;;;;;x
d_hamaland;Hamaland;;;;;;;;;;;;;x
d_hamaland_adj;Hamalander;;;;;;;;;;;;;x
d_hebudes;Hebudes;;;;;;;;;;;;;x
d_hebudes_adj;Hebridian;;;;;;;;;;;;;x
d_helenopontus;Helenopontus;;;;;;;;;;;;;x
d_helenopontus_adj;Helenopontic;;;;;;;;;;;;;x
d_hellas;Hellas;;;;;;;;;;;;;x
d_hellas_adj;Hellenic;;;;;;;;;;;;;x
d_hellespontus;Hellespontus;;;;;;;;;;;;;x
d_hellespontus_adj;Hellespontic;;;;;;;;;;;;;x
d_herules;Herules;;;;;;;;;;;;;x
d_herules_adj;Herulian;;;;;;;;;;;;;x
d_hevellia;Hevellia;;;;;;;;;;;;;x
d_hira;Hira;;;;;;;;;;;;;x
d_hira_adj;Hiran;;;;;;;;;;;;;x
d_hispalensis;Hispalensis;;;;;;;;;;;;;x
d_hispalensis_adj;Hispalensian;;;;;;;;;;;;;x
d_hyrcania;Hyrcania;;;;;;;;;;;;;x
d_hyrcania_adj;Hyrcanian;;;;;;;;;;;;;x
d_iazygia;Iazygia;;;;;;;;;;;;;x
d_iazygia_adj;Iazygian;;;;;;;;;;;;;x
d_iberia;Iberia;;;;;;;;;;;;;x
d_iberia_adj;Iberian;;;;;;;;;;;;;x
d_inaunxes;Inaunxes;;;;;;;;;;;;;x
d_inaunxes_adj;Inaunxean;;;;;;;;;;;;;x
d_insulae;Insulae;;;;;;;;;;;;;x
d_insulae_adj;Insular;;;;;;;;;;;;;x
d_isauria;Isauria;;;;;;;;;;;;;x
d_isauria_adj;Isaurian;;;;;;;;;;;;;x
d_iutum;Iutum;;;;;;;;;;;;;x
d_iutum_adj;Jutish;;;;;;;;;;;;;x
d_jaxartes;Jaxartes;;;;;;;;;;;;;x
d_jaxartes_adj;Jaxartes;;;;;;;;;;;;;x
d_kariskos;Kariskos;;;;;;;;;;;;;x
d_kariskos_adj;Kariskan;;;;;;;;;;;;;x
d_kryvia;Kryvia;;;;;;;;;;;;;x
d_kryvia_adj;Kryvian;;;;;;;;;;;;;x
d_kucha;Kucha;;;;;;;;;;;;;x
d_kucha_adj;Kuchanese;;;;;;;;;;;;;x
d_kutrigurs;Kutrigurs;;;;;;;;;;;;;x
d_kutrigurs_adj;Kutrigur;;;;;;;;;;;;;x
d_langobardi;Langobardi;;;;;;;;;;;;;x
d_langobardi_desc;Langobardi;;;;;;;;;;;;;x
d_legionensis;Legionensis;;;;;;;;;;;;;x
d_legionensis_adj;Legionensian;;;;;;;;;;;;;x
d_lemovia;Lemovia;;;;;;;;;;;;;x
d_lemovia_adj;Lemovian;;;;;;;;;;;;;x
d_leudonia;Leudonia;;;;;;;;;;;;;x
d_leudonia_adj;Leudonian;;;;;;;;;;;;;x
d_levedia;Levedia;;;;;;;;;;;;;x
d_levedia_adj;Levedian;;;;;;;;;;;;;x
d_libya;Libya;;;;;;;;;;;;;x
d_libya_adj;Libyan;;;;;;;;;;;;;x
d_liguria;Liguria;;;;;;;;;;;;;x
d_liguria_adj;Ligurian;;;;;;;;;;;;;x
d_limes_arabicus;Limes Arabicus;;;;;;;;;;;;;x
d_limes_arabicus_adj;Arabian;;;;;;;;;;;;;x
d_lucania;Lucania;;;;;;;;;;;;;x
d_lucania_adj;Lucanian;;;;;;;;;;;;;x
d_lugdunensis;Lugdunensis;;;;;;;;;;;;;x
d_lugdunensis_adj;Lugdunan;;;;;;;;;;;;;x
d_macedonia;Macedonia;;;;;;;;;;;;;x
d_macedonia_adj;Macedonian;;;;;;;;;;;;;x
d_malvensis;Malvensis;;;;;;;;;;;;;x
d_malvensis_adj;Malvensian;;;;;;;;;;;;;x
d_marahensis;Marahensis;;;;;;;;;;;;;x
d_marahensis_adj;Marahensian;;;;;;;;;;;;;x
d_marcomanni;Marcomanni;;;;;;;;;;;;;x
d_marcomanni_adj;Marcomanni;;;;;;;;;;;;;x
d_margensis;Margensis;;;;;;;;;;;;;x
d_margensis_adj;Margensian;;;;;;;;;;;;;x
d_mazun;Mazun;;;;;;;;;;;;;x
d_mazun_adj;Mazunian;;;;;;;;;;;;;x
d_mecca;Mecca;;;;;;;;;;;;;x
d_mecca_adj;Meccan;;;;;;;;;;;;;x
d_media;Media;;;;;;;;;;;;;x
d_media_adj;Median;;;;;;;;;;;;;x
d_mediolanum;Mediolanum;;;;;;;;;;;;;x
d_mediolanum_adj;Mediolanan;;;;;;;;;;;;;x
d_menapiorum;Menapiorum;;;;;;;;;;;;;x
d_menapiorum_adj;Menapian;;;;;;;;;;;;;x
d_merya;Merya;;;;;;;;;;;;;x
d_merya_adj;Meryan;;;;;;;;;;;;;x
d_meshchera;Meshchera;;;;;;;;;;;;;x
d_meshchera_adj;Meshcheran;;;;;;;;;;;;;x
d_moesia;Moesia;;;;;;;;;;;;;x
d_moesia_adj;Moesian;;;;;;;;;;;;;x
d_moguntiacum;Moguntiacum;;;;;;;;;;;;;x
d_moguntiacum_adj;Moguntiacan;;;;;;;;;;;;;x
d_mosella;Mosella;;;;;;;;;;;;;x
d_mosella_adj;Mosellan;;;;;;;;;;;;;x
d_murom;Murom;;;;;;;;;;;;;x
d_murom_adj;Muromian;;;;;;;;;;;;;x
d_mustajoki;Mustajoki;;;;;;;;;;;;;x
d_mustajoki_adj;Mustajokian;;;;;;;;;;;;;x
d_nitrava;Nitrava;;;;;;;;;;;;;x
d_nitrava_adj;Nitravan;;;;;;;;;;;;;x
d_nordalbingia;Nordalbingia;;;;;;;;;;;;;x
d_nordalbingia_adj;Nordalbingian;;;;;;;;;;;;;x
d_novempopulania;Novempopulania;;;;;;;;;;;;;x
d_novempopulania_adj;Novempopulanian;;;;;;;;;;;;;x
d_numidia;Numidia;;;;;;;;;;;;;x
d_numidia_adj;Numidian;;;;;;;;;;;;;x
d_olbia;Olbia;;;;;;;;;;;;;x
d_olbia_adj;Olbian;;;;;;;;;;;;;x
d_onoguria;Onoguria;;;;;;;;;;;;;x
d_onoguria_adj;Onogurian;;;;;;;;;;;;;x
d_orientalis;Orientalis;;;;;;;;;;;;;x
d_orientalis_adj;Orientalian;;;;;;;;;;;;;x
d_osroene;Osroene;;;;;;;;;;;;;x
d_osroene_adj;Osroene;;;;;;;;;;;;;x
d_ostfalia;Ostfalia;;;;;;;;;;;;;x
d_ostfalia_adj;Ostfalian;;;;;;;;;;;;;x
d_ostrogoths;Ostrogoths;;;;;;;;;;;;;x
d_ostrogoths_adj;Ostrogothic;;;;;;;;;;;;;x
d_ouim;Ouim;;;;;;;;;;;;;x
d_ouim_adj;Ouimian;;;;;;;;;;;;;x
d_pacensis;Pacensis;;;;;;;;;;;;;x
d_pacensis_adj;Pacensian;;;;;;;;;;;;;x
d_pagensis;Pagensis;;;;;;;;;;;;;x
d_pagensis_adj;Pagensian;;;;;;;;;;;;;x
d_palestina;Palestina;;;;;;;;;;;;;x
d_palestina_adj;Palestinian;;;;;;;;;;;;;x
d_pannonia;Pannonia;;;;;;;;;;;;;x
d_pannonia_adj;Pannonian;;;;;;;;;;;;;x
d_parisiorum;Parisiorum;;;;;;;;;;;;;x
d_parisiorum_adj;Parisian;;;;;;;;;;;;;x
d_pars;Pars;;;;;;;;;;;;;x
d_pars_adj;Parthian;;;;;;;;;;;;;x
d_petrea;Petrea;;;;;;;;;;;;;x
d_petrea_adj;Petrean;;;;;;;;;;;;;x
d_phoenice;Phoenice;;;;;;;;;;;;;x
d_phoenice_adj;Phoenician;;;;;;;;;;;;;x
d_phrygia;Phrygia;;;;;;;;;;;;;x
d_phrygia_adj;Phrygian;;;;;;;;;;;;;x
d_picenum;Picenum;;;;;;;;;;;;;x
d_picenum_adj;Picenan;;;;;;;;;;;;;x
d_pictavensis;Pictavensis;;;;;;;;;;;;;x
d_pictavensis_adj;Pictavensian;;;;;;;;;;;;;x
d_plescovia;Plescovia;;;;;;;;;;;;;x
d_plescovia_adj;Plescovian;;;;;;;;;;;;;x
d_pontus;Pontus;;;;;;;;;;;;;x
d_pontus_adj;Pontic;;;;;;;;;;;;;x
d_porolissensis;Porolissensis;;;;;;;;;;;;;x
d_porolissensis_adj;Porolissensian;;;;;;;;;;;;;x
d_provincia;Provincia;;;;;;;;;;;;;x
d_provincia_adj;Provincian;;;;;;;;;;;;;x
d_ravenna;Ravenna;;;;;;;;;;;;;x
d_ravenna_adj;Ravennan;;;;;;;;;;;;;x
d_recet;Recet;;;;;;;;;;;;;x
d_recet_adj;Rhegedian;;;;;;;;;;;;;x
d_rhaetia;Rhaetia;;;;;;;;;;;;;x
d_rhaetia_adj;Rhaetian;;;;;;;;;;;;;x
d_rhegin;Rhegin;;;;;;;;;;;;;x
d_rhegin_adj;Rheginian;;;;;;;;;;;;;x
d_rhodope;Rhodope;;;;;;;;;;;;;x
d_rhodope_adj;Rhodopan;;;;;;;;;;;;;x
d_ripuaria;Ripuaria;;;;;;;;;;;;;x
d_ripuaria_adj;Ripuarian;;;;;;;;;;;;;x
d_rotomagus;Rotomagus;;;;;;;;;;;;;x
d_rotomagus_adj;Rotomagan;;;;;;;;;;;;;x
d_roxolania;Roxolania;;;;;;;;;;;;;x
d_roxolania_adj;Roxolanian;;;;;;;;;;;;;x
d_rucconia;Rucconia;;;;;;;;;;;;;x
d_rucconia_adj;Rucconian;;;;;;;;;;;;;x
d_saba;Saba;;;;;;;;;;;;;x
d_saba_adj;Sabaean;;;;;;;;;;;;;x
d_sabaria;Sabaria;;;;;;;;;;;;;x
d_sabaria_adj;Sabarian;;;;;;;;;;;;;x
d_samnium;Samnium;;;;;;;;;;;;;x
d_samnium_adj;Samnite;;;;;;;;;;;;;x
d_saracenia;Saracenia;;;;;;;;;;;;;x
d_saracenia_adj;Saracen;;;;;;;;;;;;;x
d_saragurs;Saragurs;;;;;;;;;;;;;x
d_saragurs_adj;Saragur;;;;;;;;;;;;;x
d_savia;Savia;;;;;;;;;;;;;x
d_savia_adj;Savian;;;;;;;;;;;;;x
d_scalabitanus;Scalabitanus;;;;;;;;;;;;;x
d_scalabitanus_adj;Scalabitanan;;;;;;;;;;;;;x
d_scirii;Scirii;;;;;;;;;;;;;x
d_scirii_adj;Scirii;;;;;;;;;;;;;x
d_scythia;Scythia;;;;;;;;;;;;;x
d_scythia_adj;Scythian;;;;;;;;;;;;;x
d_semnones;Semnones;;;;;;;;;;;;;x
d_semnones_adj;Semnonian;;;;;;;;;;;;;x
d_senonia;Senonia;;;;;;;;;;;;;x
d_senonia_adj;Senonian;;;;;;;;;;;;;x
d_septimania;Septimania;;;;;;;;;;;;;x
d_septimania_adj;Septimanian;;;;;;;;;;;;;x
d_sequanica;Sequanica;;;;;;;;;;;;;x
d_sequanica_adj;Sequanican;;;;;;;;;;;;;x
d_setomaa;Setomaa;;;;;;;;;;;;;x
d_setomaa_adj;Seto;;;;;;;;;;;;;x
d_severia;Severia;;;;;;;;;;;;;x
d_severia_adj;Severian;;;;;;;;;;;;;x
d_shanshan;Shanshan;;;;;;;;;;;;;x
d_shanshan_adj;Shanshan;;;;;;;;;;;;;x
d_sicilia;Sicilia;;;;;;;;;;;;;x
d_sicilia_adj;Sicilian;;;;;;;;;;;;;x
d_sitifis;Sitifis;;;;;;;;;;;;;x
d_sitifis_adj;Sitifian;;;;;;;;;;;;;x
d_soissons;Soissons;;;;;;;;;;;;;x
d_soissons_adj;Soissonnais;;;;;;;;;;;;;x
d_spahan;Spahan;;;;;;;;;;;;;x
d_spahan_adj;Aspadanan;;;;;;;;;;;;;x
d_svealand;Sueonia;;;;;;;;;;;;;x
d_svealand_adj;Sueonia;;;;;;;;;;;;;x
d_swabia;Swabia;;;;;;;;;;;;;x
d_swabia_adj;Swabian;;;;;;;;;;;;;x
d_tanais;Tanais;;;;;;;;;;;;;x
d_tanais_adj;Tanaisian;;;;;;;;;;;;;x
d_tarraconensis;Tarraconensis;;;;;;;;;;;;;x
d_tarraconensis_adj;Tarraconensis;;;;;;;;;;;;;x
d_tava;Tava;;;;;;;;;;;;;x
d_tava_adj;Tavan;;;;;;;;;;;;;x
d_teriolis;Teriolis;;;;;;;;;;;;;x
d_teriolis_adj;Teriolan;;;;;;;;;;;;;x
d_thessalia;Thessalia;;;;;;;;;;;;;x
d_thessalia_adj;Thessalian;;;;;;;;;;;;;x
d_thracia;Thracia;;;;;;;;;;;;;x
d_thracia_adj;Thracian;;;;;;;;;;;;;x
d_thebais;Thebais;;;;;;;;;;;;;x
d_thebais_adj;Thebaian;;;;;;;;;;;;;x
d_tingitana;Tingitana;;;;;;;;;;;;;x
d_tingitana_adj;Tingitanan;;;;;;;;;;;;;x
d_toletum;Toletum;;;;;;;;;;;;;x
d_toletum_adj;Toletan;;;;;;;;;;;;;x
d_tolosa;Tolosa;;;;;;;;;;;;;x
d_tolosa_adj;Tolosan;;;;;;;;;;;;;x
d_toxandria;Toxandria;;;;;;;;;;;;;x
d_toxandria_adj;Toxandria;;;;;;;;;;;;;x
d_transjurania;Transjurania;;;;;;;;;;;;;x
d_transjurania_adj;Transjuranian;;;;;;;;;;;;;x
d_treveria;Treveria;;;;;;;;;;;;;x
d_treveria_adj;Treverian;;;;;;;;;;;;;x
d_trinovantia;Trinovantia;;;;;;;;;;;;;x
d_trinovantia_adj;Trinovantian;;;;;;;;;;;;;x
d_tueria;Tueria;;;;;;;;;;;;;x
d_tueria_adj;Tuerian;;;;;;;;;;;;;x
d_tur;Tur;;;;;;;;;;;;;x
d_tur_adj;Turovian;;;;;;;;;;;;;x
d_turonum;Turonum;;;;;;;;;;;;;x
d_turonum_adj;Turonan;;;;;;;;;;;;;x
d_tuscia;Tuscia;;;;;;;;;;;;;x
d_tuscia_adj;Tuscian;;;;;;;;;;;;;x
d_uburzis;Uburzis;;;;;;;;;;;;;x
d_uburzis_adj;Uburzian;;;;;;;;;;;;;x
d_ultonia;Ultonia;;;;;;;;;;;;;x
d_ultonia_adj;Ultonian;;;;;;;;;;;;;x
d_umbria;Umbria;;;;;;;;;;;;;x
d_umbria_adj;Umbrian;;;;;;;;;;;;;x
d_utrigurs;Utrigurs;;;;;;;;;;;;;x
d_utrigurs_adj;Utrigur;;;;;;;;;;;;;x
d_variscorum;Variscorum;;;;;;;;;;;;;x
d_variscorum_adj;Varisci;;;;;;;;;;;;;x
d_vasconia;Vasconia;;;;;;;;;;;;;x
d_vasconia_adj;Vasconian;;;;;;;;;;;;;x
d_veletia;Veletia;;;;;;;;;;;;;x
d_veletia_adj;Veletian;;;;;;;;;;;;;x
d_velin;Velin;;;;;;;;;;;;;x
d_velin_adj;Velinian;;;;;;;;;;;;;x
d_venedotia;Venedotia;;;;;;;;;;;;;x
d_venedotia_adj;Venedotian;;;;;;;;;;;;;x
d_venetia;Venetia;;;;;;;;;;;;;x
d_venetia_adj;Venetian;;;;;;;;;;;;;x
d_vepsia;Vepsia;;;;;;;;;;;;;x
d_vepsia_adj;Vepsian;;;;;;;;;;;;;x
d_verturio;Verturio;;;;;;;;;;;;;x
d_verturio_adj;Verturian;;;;;;;;;;;;;x
d_vidivaria;Vidivaria;;;;;;;;;;;;;x
d_vidivaria_adj;Vidivarian;;;;;;;;;;;;;x
d_viennensis;Viennensis;;;;;;;;;;;;;x
d_viennensis_adj;Viennensian;;;;;;;;;;;;;x
d_vistula;Vistula;;;;;;;;;;;;;x
d_vistula_adj;Vistulan;;;;;;;;;;;;;x
d_volubilis;Volubilis;;;;;;;;;;;;;x
d_volubilis_adj;Volubilian;;;;;;;;;;;;;x
d_warinia;Warinia;;;;;;;;;;;;;x
d_warinia_adj;Warinian;;;;;;;;;;;;;x
d_westfalia;Westfalia;;;;;;;;;;;;;x
d_westfalia_adj;Westfalian;;;;;;;;;;;;;x
d_zeugitana;Zeugitana;;;;;;;;;;;;;x
d_zeugitana_adj;Zeugitanan;;;;;;;;;;;;;x
b_avitacum;Avitacum;;;;;;;;;;;;;x
TOLOSA_KINGDOM;Tolosa;;;;;;;;;;;;;x
TOLOSA_KINGDOM_adj;Tolosan;;;;;;;;;;;;;x
AQUITANIA_PRIMA;Aquitania Prima;;;;;;;;;;;;;x
AQUITANIA_PRIMA_adj;Aquitanian;;;;;;;;;;;;;x
AQUITANIA_SECUNDA;Aquitania Secunda;;;;;;;;;;;;;x
AQUITANIA_SECUNDA_adj;Aquitanian;;;;;;;;;;;;;x
d_itainen_karjala;Itäinen Karjala;;;;;;;;;;;;;x
d_itainen_karjala_adj;Itä Karjalainen;;;;;;;;;;;;;x
d_lansi_karjala;Länsi Karjala;;;;;;;;;;;x
d_lansi_karjala_adj;Länsi Karjalainen;;;;;;;;;;;x
d_ita_suomi;Itä Suomi;;;;;;;;;;;x
d_ita_suomi_adj;Itä Suomi;;;;;;;;;;;x
d_lansi_suomi;Länsi Suomi;;;;;;;;;;;x
d_lansi_suomi_adj;Länsi Suomi;;;;;;;;;;;x
d_pohjois_suomi;Pohjois Suomi;;;;;;;;;;;x
d_pohjois_suomi_adj;Pohjois Suomi;;;;;;;;;;;x
d_rannikuelavonia;Rannikuelavonia;;;;;;;;;;;x
d_rannikuelavonia_adj;Rannikuelu;;;;;;;;;;;x
d_siseelavonia;Siseelavonia;;;;;;;;;;;x
d_siseelavonia_adj;Liivi Kodumaal;;;;;;;;;;;x
d_warmians;Warmians;;;;;;;;;;;x
d_warmians_adj;Warmian;;;;;;;;;;;x
d_sambians;Sambians;;;;;;;;;;;x
d_sambians_adj;Sambian;;;;;;;;;;;x
d_kulmas;Kulmas;;;;;;;;;;;x
d_kulmas_adj;Kulmasi;;;;;;;;;;;x
d_sudovians;Sudovians;;;;;;;;;;;x
d_sudovians_adj;Sudovian;;;;;;;;;;;x
d_zemigalians;Semigallians;;;;;;;;;;;x